"Question","Answer"
"What is the Student Resource Hub?","It's a platform designed to help students access study materials and a marketplace for academic resources."
"Where can I find the study materials?","Study materials are available under the 'Study Materials' section on the homepage."
"What kind of study materials can I access here?","You can access notes, previous year questions, and other academic resources."
"How can I access the Marketplace?","You can access the Marketplace by clicking the 'Marketplace' button on the homepage."
"Can I sell items in the Marketplace?","Yes, you can sell academic resources, gadgets, and more."
"Do I need to create an account to access the resources?","No, browsing the website is free. However, an account may be required for submitting materials or buying/selling."
"How do I submit my study materials?","You can submit your materials through the portal once you're logged in."
"Is there a mobile version of this website?","Currently, the website is optimized for desktop. A mobile version is in development."
"Can I download the study materials?","Yes, you can download the study materials directly from the Study Materials section."
"How do I contact the support team?","You can reach the support team by visiting the 'Contact Us' page on the website."
"Can I buy physical items in the Marketplace?","Yes, you can buy gadgets and educational tools in the Marketplace."
"How do I add a product to the Marketplace?","To sell a product, simply log into your account and follow the instructions in the Marketplace section."
"Is there any fee to access the study materials?","No, the study materials are free to access."
"Can I access past year's exams?","Yes, past year exams are available under the 'Study Materials' section."
"What happens if I forget my password?","You can reset your password by clicking the 'Forgot Password' link on the login page."
"Are the materials updated regularly?","Yes, new materials are added regularly to keep content current."
"Can I collaborate with other students through this platform?","Currently, the platform focuses on resources and marketplace features, but collaborative features are being considered."
"Is there a way to request specific study materials?","You can send a request for specific materials to the support team via the 'Contact Us' page."
"How can I participate in community discussions?","Community discussions will be available soon through a forum-like feature."
"Are there any discounts available in the Marketplace?","Discounts are periodically available. Keep an eye on special offers in the Marketplace."
"How do I track my orders from the Marketplace?","You can track your orders through your account dashboard in the Marketplace."
"Can I review items I've bought?","Yes, once you’ve made a purchase, you can leave reviews for the items."
"How do I change my account details?","You can update your account details by visiting the 'Profile' section after logging in."
"Are there any tutorial videos available?","Yes, tutorial videos for using the platform will be available soon."
"Can I get notifications for new study materials?","Yes, you can subscribe to notifications for new study material updates."
"How can I suggest improvements for the website?","You can send suggestions via the 'Feedback' section on the site."
"Is there any way to bookmark materials?","Yes, you can bookmark your favorite materials for quick access."
"Can I access this website offline?","Currently, the website can only be accessed online."
"How secure is my personal data on this platform?","We take privacy seriously and use secure encryption methods to protect your data."
"Is the Marketplace available to everyone?","Yes, anyone can access the Marketplace to buy or sell items."
"Do you offer any career resources?","Career resources are in development and will be available soon."
"How do I delete my account?","To delete your account, contact support via the 'Contact Us' page."
"Can I use this platform if I am not a student?","The platform is primarily for students, but non-students can browse the resources."
"Are there any group study options?","Group study options are in development and will be added soon."
"Can I buy used textbooks in the Marketplace?","Yes, you can find both new and used textbooks in the Marketplace."
"How can I get more involved in the community?","You can get involved by contributing materials or engaging in upcoming community events."
"Is there a limit on how many items I can sell?","There is no strict limit, but please ensure your listings comply with the platform guidelines."
"Can I purchase items from other cities?","Yes, the Marketplace allows you to buy items from across the country."
"Can I filter study materials by subject?","Yes, you can filter study materials by subject in the Study Materials section."
"Is the platform accessible to students with disabilities?","Yes, we strive to make the platform accessible to all students."
"Can I change my username?","You can change your username through the 'Profile' section after logging in."
"What are the payment methods for the Marketplace?","We accept multiple payment methods, including credit cards and online wallets."
"How can I withdraw my earnings from selling items?","You can withdraw earnings through the 'Account Settings' section in the Marketplace."
"What happens if an item I purchased gets lost or damaged?","Contact the seller and our support team for assistance in such cases."
"Can I share my study materials with other students?","Yes, you can share your materials with other students through the platform."
"Do you offer any certification for completing materials?","Certification options are in development and will be available soon."
"How often are new items added to the Marketplace?","New items are added regularly. Keep checking for new listings."
"How do I provide feedback on study materials?","You can leave feedback for materials through the rating and review system on each resource page."
"Can I purchase digital study materials?","Yes, digital study materials like PDFs and eBooks are available for purchase."
"Will there be any future updates to the platform?","Yes, we’re constantly working on new features and improvements to enhance the user experience."
